{"products":[{"id":"0.12142997043522885","qty":3}],"totalPrice":0.02999999999999091}